"['rounded_fakeround', 0, 1, 2, 3, 4, 5]"
Recall@100,0.0,0.00093,0.98345,0.48634,0.98228,0.9882
recall@1000,0.0001,0.00122,0.99756,0.57394,0.9973,0.99811
