"['uniform_noise', 0, 1, 2, 3, 4, 5]"
Recall@100,0.00013,0.0012,0.04771,0.85933,0.98264,0.98845
recall@1000,0.00316,0.00748,0.15437,0.95406,0.9971,0.99774
