"['gauss_noise', 0, 1, 2, 3, 4, 5]"
Recall@100,0.00011,0.0011,0.02867,0.78951,0.98039,0.98681
recall@1000,0.00295,0.0069,0.10407,0.91801,0.99705,0.99782
