"['gauss_noise', 0, 1, 2, 3, 4, 5]"
Recall@100,0.02194,0.02444,0.08539,0.46967,0.79367,0.832
recall@1000,0.21806,0.23239,0.40494,0.84717,0.93667,0.95667
