"['uniform_noise', 0, 1, 2, 3, 4, 5]"
Recall@100,0.01333,0.04111,0.11094,0.57422,0.803,0.837
recall@1000,0.20594,0.2345,0.49672,0.89317,0.94333,0.96
