"['rounded_fakeround', 0, 1, 2, 3, 4, 5]"
Recall@100,0.03167,0.015,0.34317,0.14578,0.80633,0.831
recall@1000,0.28244,0.15189,0.742,0.41483,0.93833,0.96
